wavelength,irradiance
119.5,0.000061900000
120.5,0.000561400000
121.5,0.004901000000
122.5,0.001184000000
123.5,0.000047700000
124.5,0.000034300000
125.5,0.000028800000
126.5,0.000035200000
127.5,0.000021300000
128.5,0.000017300000
129.5,0.000039900000
130.5,0.000120600000
131.5,0.000039800000
132.5,0.000041300000
133.5,0.000168000000
134.5,0.000045700000
135.5,0.000038000000
136.5,0.000030900000
137.5,0.000029200000
138.5,0.000039700000
139.5,0.000075600000
140.5,0.000060800000
141.5,0.000042100000
142.5,0.000046800000
143.5,0.000051100000
144.5,0.000050900000
145.5,0.000055400000
146.5,0.000070900000
147.5,0.000084900000
148.5,0.000082000000
149.5,0.000079600000
150.5,0.000087000000
151.5,0.000092700000
152.5,0.000116300000
153.5,0.000129900000
154.5,0.000205900000
155.5,0.000214400000
156.5,0.000184700000
157.5,0.000171700000
158.5,0.000167500000
159.5,0.000175400000
160.5,0.000193400000
161.5,0.000222800000
162.5,0.000251900000
163.5,0.000284100000
164.5,0.000297300000
165.5,0.000430200000
166.5,0.000398900000
167.5,0.000387500000
168.5,0.000455600000
169.5,0.000587700000
170.5,0.000661600000
171.5,0.000688000000
172.5,0.000725200000
173.5,0.000764500000
174.5,0.000906700000
175.5,0.001079000000
176.5,0.001220000000
177.5,0.001403000000
178.5,0.001538000000
179.5,0.001576000000
180.5,0.001831000000
181.5,0.002233000000
182.5,0.002243000000
183.5,0.002244000000
184.5,0.002066000000
185.5,0.002311000000
186.5,0.002700000000
187.5,0.003009000000
188.5,0.003291000000
189.5,0.003569000000
190.5,0.003764000000
191.5,0.004165000000
192.5,0.004113000000
193.5,0.003808000000
194.5,0.005210000000
195.5,0.005427000000
196.5,0.006008000000
197.5,0.006191000000
198.5,0.006187000000
199.5,0.006664000000
200.5,0.007326000000
201.5,0.008023000000
202.5,0.008261000000
203.5,0.009217000000
204.5,0.010250000000
205.5,0.010540000000
206.5,0.011080000000
207.5,0.012650000000
208.5,0.015050000000
209.5,0.021380000000
210.5,0.027920000000
211.5,0.033540000000
212.5,0.031300000000
213.5,0.033150000000
214.5,0.040030000000
215.5,0.036150000000
216.5,0.032270000000
217.5,0.035290000000
218.5,0.044370000000
219.5,0.046920000000
220.5,0.047330000000
221.5,0.039580000000
222.5,0.049650000000
223.5,0.063010000000
224.5,0.058970000000
225.5,0.052290000000
226.5,0.039400000000
227.5,0.039920000000
228.5,0.051950000000
229.5,0.047710000000
230.5,0.052120000000
231.5,0.050970000000
232.5,0.053260000000
233.5,0.044740000000
234.5,0.038970000000
235.5,0.051420000000
236.5,0.048590000000
237.5,0.048440000000
238.5,0.041960000000
239.5,0.044120000000
240.5,0.039560000000
241.5,0.051480000000
242.5,0.070600000000
243.5,0.066530000000
244.5,0.060970000000
245.5,0.049390000000
246.5,0.050400000000
247.5,0.055500000000
248.5,0.045650000000
249.5,0.056380000000
250.5,0.060100000000
251.5,0.046010000000
252.5,0.041550000000
253.5,0.051550000000
254.5,0.059570000000
255.5,0.079300000000
256.5,0.101800000000
257.5,0.125400000000
258.5,0.125100000000
259.5,0.104000000000
260.5,0.085510000000
261.5,0.089800000000
262.5,0.103600000000
263.5,0.165800000000
264.5,0.249700000000
265.5,0.252700000000
266.5,0.249400000000
267.5,0.250800000000
268.5,0.243800000000
269.5,0.238900000000
270.5,0.267300000000
271.5,0.224400000000
272.5,0.197400000000
273.5,0.196500000000
274.5,0.132600000000
275.5,0.175100000000
276.5,0.242800000000
277.5,0.233800000000
278.5,0.159300000000
279.5,0.085550000000
280.5,0.094630000000
281.5,0.208300000000
282.5,0.294100000000
283.5,0.313500000000
284.5,0.235300000000
285.5,0.163100000000
286.5,0.322700000000
287.5,0.336300000000
288.5,0.322200000000
289.5,0.472700000000
290.5,0.601300000000
291.5,0.580800000000
292.5,0.521900000000
293.5,0.535500000000
294.5,0.508800000000
295.5,0.553200000000
296.5,0.509600000000
297.5,0.507300000000
298.5,0.465500000000
299.5,0.484000000000
300.5,0.420000000000
301.5,0.455500000000
302.5,0.489000000000
303.5,0.620600000000
304.5,0.602500000000
305.5,0.594800000000
306.5,0.555700000000
307.5,0.615000000000
308.5,0.611400000000
309.5,0.496500000000
310.5,0.622400000000
311.5,0.729200000000
312.5,0.655900000000
313.5,0.699900000000
314.5,0.662900000000
315.5,0.633000000000
316.5,0.633200000000
317.5,0.773900000000
318.5,0.664900000000
319.5,0.710500000000
320.5,0.805100000000
321.5,0.699500000000
322.5,0.688600000000
323.5,0.661300000000
324.5,0.760800000000
325.5,0.875800000000
326.5,0.979500000000
327.5,0.952700000000
328.5,0.917600000000
329.5,1.061000000000
330.5,1.016000000000
331.5,0.965700000000
332.5,0.954900000000
333.5,0.921600000000
334.5,0.958900000000
335.5,0.943400000000
336.5,0.809500000000
337.5,0.841800000000
338.5,0.921500000000
339.5,0.958100000000
340.5,1.007000000000
341.5,0.923800000000
342.5,0.993000000000
343.5,0.950600000000
344.5,0.795700000000
345.5,0.939200000000
346.5,0.926400000000
347.5,0.901700000000
348.5,0.897200000000
349.5,0.889800000000
350.5,1.050000000000
351.5,0.979500000000
352.5,0.907900000000
353.5,1.033000000000
354.5,1.111000000000
355.5,1.045000000000
356.5,0.912300000000
357.5,0.796000000000
358.5,0.693600000000
359.5,0.991100000000
360.5,0.970800000000
361.5,0.878100000000
362.5,0.997800000000
363.5,0.996900000000
364.5,1.013000000000
365.5,1.152000000000
366.5,1.233000000000
367.5,1.180000000000
368.5,1.101000000000
369.5,1.226000000000
370.5,1.139000000000
371.5,1.175000000000
372.5,1.054000000000
373.5,0.920200000000
374.5,0.900400000000
375.5,1.062000000000
376.5,1.085000000000
377.5,1.282000000000
378.5,1.327000000000
379.5,1.066000000000
380.5,1.202000000000
381.5,1.082000000000
382.5,0.791300000000
383.5,0.684100000000
384.5,0.959700000000
385.5,1.008000000000
386.5,1.007000000000
387.5,1.004000000000
388.5,0.984300000000
389.5,1.174000000000
390.5,1.247000000000
391.5,1.342000000000
392.5,1.019000000000
393.5,0.582300000000
394.5,1.026000000000
395.5,1.314000000000
396.5,0.854500000000
397.5,0.928800000000
398.5,1.522000000000
399.5,1.663000000000
400.5,1.682000000000
401.5,1.746000000000
402.5,1.759000000000
403.5,1.684000000000
404.5,1.674000000000
405.5,1.667000000000
406.5,1.589000000000
407.5,1.628000000000
408.5,1.735000000000
409.5,1.715000000000
410.5,1.532000000000
411.5,1.817000000000
412.5,1.789000000000
413.5,1.756000000000
414.5,1.737000000000
415.5,1.734000000000
416.5,1.842000000000
417.5,1.665000000000
418.5,1.684000000000
419.5,1.701000000000
420.5,1.757000000000
421.5,1.797000000000
422.5,1.582000000000
423.5,1.711000000000
424.5,1.767000000000
425.5,1.695000000000
426.5,1.698000000000
427.5,1.569000000000
428.5,1.587000000000
429.5,1.475000000000
430.5,1.135000000000
431.5,1.686000000000
432.5,1.646000000000
433.5,1.731000000000
434.5,1.670000000000
435.5,1.723000000000
436.5,1.929000000000
437.5,1.806000000000
438.5,1.567000000000
439.5,1.825000000000
440.5,1.713000000000
441.5,1.931000000000
442.5,1.980000000000
443.5,1.909000000000
444.5,1.973000000000
445.5,1.821000000000
446.5,1.891000000000
447.5,2.077000000000
448.5,1.973000000000
449.5,2.027000000000
450.5,2.144000000000
451.5,2.109000000000
452.5,1.941000000000
453.5,1.970000000000
454.5,1.979000000000
455.5,2.034000000000
456.5,2.077000000000
457.5,2.100000000000
458.5,1.971000000000
459.5,2.009000000000
460.5,2.040000000000
461.5,2.055000000000
462.5,2.104000000000
463.5,2.040000000000
464.5,1.976000000000
465.5,2.042000000000
466.5,1.921000000000
467.5,2.015000000000
468.5,1.994000000000
469.5,1.990000000000
470.5,1.877000000000
471.5,2.018000000000
472.5,2.041000000000
473.5,1.991000000000
474.5,2.051000000000
475.5,2.016000000000
476.5,1.956000000000
477.5,2.075000000000
478.5,2.009000000000
479.5,2.076000000000
480.5,2.035000000000
481.5,2.090000000000
482.5,2.023000000000
483.5,2.019000000000
484.5,1.969000000000
485.5,1.830000000000
486.5,1.625000000000
487.5,1.830000000000
488.5,1.914000000000
489.5,1.960000000000
490.5,2.007000000000
491.5,1.896000000000
492.5,1.896000000000
493.5,1.888000000000
494.5,2.058000000000
495.5,1.926000000000
496.5,2.017000000000
497.5,2.018000000000
498.5,1.866000000000
499.5,1.970000000000
500.5,1.857000000000
501.5,1.812000000000
502.5,1.894000000000
503.5,1.934000000000
504.5,1.869000000000
505.5,1.993000000000
506.5,1.961000000000
507.5,1.906000000000
508.5,1.919000000000
509.5,1.916000000000
510.5,1.947000000000
511.5,1.997000000000
512.5,1.867000000000
513.5,1.861000000000
514.5,1.874000000000
515.5,1.900000000000
516.5,1.669000000000
517.5,1.726000000000
518.5,1.654000000000
519.5,1.828000000000
520.5,1.831000000000
521.5,1.906000000000
522.5,1.823000000000
523.5,1.894000000000
524.5,1.958000000000
525.5,1.930000000000
526.5,1.674000000000
527.5,1.828000000000
528.5,1.897000000000
529.5,1.918000000000
530.5,1.952000000000
531.5,1.963000000000
532.5,1.770000000000
533.5,1.923000000000
534.5,1.858000000000
535.5,1.990000000000
536.5,1.871000000000
537.5,1.882000000000
538.5,1.904000000000
539.5,1.832000000000
540.5,1.769000000000
541.5,1.881000000000
542.5,1.825000000000
543.5,1.879000000000
544.5,1.879000000000
545.5,1.901000000000
546.5,1.879000000000
547.5,1.833000000000
548.5,1.863000000000
549.5,1.895000000000
550.5,1.862000000000
551.5,1.871000000000
552.5,1.846000000000
553.5,1.882000000000
554.5,1.898000000000
555.5,1.897000000000
556.5,1.821000000000
557.5,1.846000000000
558.5,1.787000000000
559.5,1.808000000000
560.5,1.843000000000
561.5,1.824000000000
562.5,1.850000000000
563.5,1.861000000000
564.5,1.854000000000
565.5,1.798000000000
566.5,1.829000000000
567.5,1.887000000000
568.5,1.810000000000
569.5,1.860000000000
570.5,1.769000000000
571.5,1.823000000000
572.5,1.892000000000
573.5,1.876000000000
574.5,1.867000000000
575.5,1.830000000000
576.5,1.846000000000
577.5,1.857000000000
578.5,1.783000000000
579.5,1.828000000000
580.5,1.838000000000
581.5,1.853000000000
582.5,1.873000000000
583.5,1.857000000000
584.5,1.860000000000
585.5,1.783000000000
586.5,1.830000000000
587.5,1.848000000000
588.5,1.750000000000
589.5,1.612000000000
590.5,1.813000000000
591.5,1.787000000000
592.5,1.808000000000
593.5,1.796000000000
594.5,1.773000000000
595.5,1.782000000000
596.5,1.805000000000
597.5,1.780000000000
598.5,1.757000000000
599.5,1.774000000000
600.5,1.746000000000
601.5,1.751000000000
602.5,1.719000000000
603.5,1.787000000000
604.5,1.776000000000
605.5,1.763000000000
606.5,1.759000000000
607.5,1.757000000000
608.5,1.743000000000
609.5,1.744000000000
610.5,1.703000000000
611.5,1.746000000000
612.5,1.705000000000
613.5,1.683000000000
614.5,1.713000000000
615.5,1.713000000000
616.5,1.609000000000
617.5,1.707000000000
618.5,1.724000000000
619.5,1.707000000000
620.5,1.734000000000
621.5,1.690000000000
622.5,1.713000000000
623.5,1.666000000000
624.5,1.656000000000
625.5,1.632000000000
626.5,1.697000000000
627.5,1.697000000000
628.5,1.697000000000
629.5,1.677000000000
631,1.639000000000
633,1.651000000000
635,1.656000000000
637,1.654000000000
639,1.651000000000
641,1.614000000000
643,1.621000000000
645,1.627000000000
647,1.603000000000
649,1.558000000000
651,1.606000000000
653,1.599000000000
655,1.532000000000
657,1.384000000000
659,1.549000000000
661,1.571000000000
663,1.555000000000
665,1.560000000000
667,1.535000000000
669,1.546000000000
671,1.516000000000
673,1.521000000000
675,1.510000000000
677,1.508000000000
679,1.498000000000
681,1.492000000000
683,1.479000000000
685,1.455000000000
687,1.467000000000
689,1.461000000000
691,1.448000000000
693,1.448000000000
695,1.436000000000
697,1.416000000000
699,1.425000000000
701,1.386000000000
703,1.388000000000
705,1.415000000000
707,1.400000000000
709,1.384000000000
711,1.385000000000
713,1.373000000000
715,1.366000000000
717,1.354000000000
719,1.328000000000
721,1.331000000000
723,1.348000000000
725,1.350000000000
727,1.346000000000
729,1.319000000000
731,1.326000000000
733,1.318000000000
735,1.309000000000
737,1.307000000000
739,1.278000000000
741,1.258000000000
743,1.286000000000
745,1.279000000000
747,1.283000000000
749,1.270000000000
751,1.262000000000
753,1.259000000000
755,1.255000000000
757,1.248000000000
759,1.240000000000
761,1.237000000000
763,1.241000000000
765,1.221000000000
767,1.185000000000
769,1.203000000000
771,1.204000000000
773,1.208000000000
775,1.188000000000
777,1.196000000000
779,1.187000000000
781,1.187000000000
783,1.176000000000
785,1.180000000000
787,1.177000000000
789,1.174000000000
791,1.158000000000
793,1.143000000000
795,1.134000000000
797,1.152000000000
799,1.135000000000
801,1.142000000000
803,1.129000000000
805,1.115000000000
807,1.120000000000
809,1.095000000000
811,1.114000000000
813,1.115000000000
815,1.107000000000
817,1.104000000000
819,1.063000000000
821,1.080000000000
823,1.073000000000
825,1.075000000000
826,1.080000000000
828,1.081000000000
830,1.063000000000
832,1.051000000000
834,1.041000000000
836,1.052000000000
838,1.044000000000
840,1.040000000000
842,1.036000000000
844,1.024000000000
846,1.028000000000
848,1.023000000000
850,0.966000000000
852,0.996100000000
854,0.878000000000
856,0.975500000000
858,1.005000000000
860,0.996900000000
862,0.994900000000
864,0.999300000000
866,0.886200000000
868,0.939500000000
870,0.974700000000
872,0.983300000000
874,0.971300000000
876,0.964000000000
878,0.974900000000
880,0.955400000000
882,0.951100000000
884,0.957900000000
886,0.938300000000
888,0.944300000000
890,0.953000000000
892,0.939400000000
894,0.933200000000
896,0.938700000000
898,0.933900000000
900,0.915800000000
902,0.891600000000
904,0.928500000000
906,0.917600000000
908,0.902500000000
910,0.891600000000
912,0.896700000000
914,0.907100000000
916,0.900400000000
918,0.895100000000
920,0.890800000000
922,0.863000000000
924,0.858500000000
926,0.861200000000
928,0.876900000000
930,0.867700000000
932,0.865100000000
934,0.864100000000
936,0.854700000000
938,0.858000000000
940,0.843800000000
942,0.825000000000
944,0.832400000000
946,0.837500000000
948,0.840700000000
950,0.836900000000
952,0.831700000000
954,0.808000000000
956,0.808200000000
958,0.818800000000
960,0.815100000000
962,0.808900000000
964,0.801300000000
966,0.794700000000
968,0.796900000000
970,0.795900000000
972,0.793600000000
974,0.781500000000
976,0.782500000000
978,0.777900000000
980,0.774600000000
982,0.776400000000
984,0.769800000000
986,0.766100000000
988,0.761500000000
990,0.754100000000
992,0.756700000000
994,0.755600000000
996,0.752500000000
998,0.751000000000
1000,0.747900000000
1002,0.746900000000
1004,0.726100000000
1006,0.713600000000
1008,0.733500000000
1010,0.731300000000
1012,0.726200000000
1014,0.721000000000
1016,0.713900000000
1018,0.710700000000
1020,0.704100000000
1022,0.702100000000
1024,0.705400000000
1026,0.702700000000
1028,0.698900000000
1030,0.693700000000
1032,0.690500000000
1034,0.681700000000
1036,0.684000000000
1038,0.677200000000
1040,0.676100000000
1042,0.674600000000
1044,0.671400000000
1046,0.660000000000
1048,0.664400000000
1050,0.662200000000
1052,0.658600000000
1054,0.654900000000
1056,0.655700000000
1058,0.645100000000
1060,0.641500000000
1062,0.643800000000
1064,0.645900000000
1066,0.639500000000
1068,0.631700000000
1070,0.624100000000
1072,0.632600000000
1074,0.627600000000
1076,0.628000000000
1078,0.627200000000
1080,0.624700000000
1082,0.609900000000
1084,0.618000000000
1086,0.620800000000
1088,0.610300000000
1090,0.619900000000
1092,0.615900000000
1094,0.584900000000
1096,0.598300000000
1098,0.596100000000
1100,0.604200000000
1102,0.593200000000
1104,0.597400000000
1106,0.594500000000
1108,0.591600000000
1110,0.590600000000
1112,0.584300000000
1114,0.584400000000
1116,0.583100000000
1118,0.581500000000
1120,0.574100000000
1122,0.579600000000
1124,0.576900000000
1126,0.565500000000
1128,0.570000000000
1130,0.565300000000
1132,0.567800000000
1134,0.563800000000
1136,0.565800000000
1138,0.556900000000
1140,0.553000000000
1142,0.553100000000
1144,0.551400000000
1146,0.554800000000
1148,0.552500000000
1150,0.548900000000
1152,0.545800000000
1154,0.547900000000
1156,0.545500000000
1158,0.543500000000
1160,0.532000000000
1162,0.532500000000
1164,0.533200000000
1166,0.530300000000
1168,0.531200000000
1170,0.527600000000
1172,0.531500000000
1174,0.527300000000
1176,0.518400000000
1178,0.519000000000
1180,0.523900000000
1182,0.515900000000
1184,0.510300000000
1186,0.518700000000
1188,0.507500000000
1190,0.508500000000
1192,0.516100000000
1194,0.514500000000
1196,0.508400000000
1198,0.494300000000
1200,0.500300000000
1202,0.506800000000
1204,0.494800000000
1206,0.503900000000
1208,0.489000000000
1210,0.488200000000
1212,0.493300000000
1214,0.494200000000
1216,0.493000000000
1218,0.489700000000
1220,0.487500000000
1222,0.485400000000
1224,0.484600000000
1226,0.481700000000
1228,0.477100000000
1230,0.479200000000
1232,0.475000000000
1234,0.472900000000
1236,0.471900000000
1238,0.470300000000
1240,0.465300000000
1242,0.464200000000
1244,0.461900000000
1246,0.463500000000
1248,0.463300000000
1250,0.462400000000
1252,0.457100000000
1254,0.457400000000
1256,0.455100000000
1258,0.453300000000
1260,0.453000000000
1262,0.449700000000
1264,0.447800000000
1266,0.446700000000
1268,0.441700000000
1270,0.445300000000
1272,0.445200000000
1274,0.443100000000
1276,0.445100000000
1278,0.444000000000
1280,0.435600000000
1282,0.401400000000
1284,0.425900000000
1286,0.432800000000
1288,0.431400000000
1290,0.425500000000
1292,0.425400000000
1294,0.422300000000
1296,0.422400000000
1298,0.418400000000
1300,0.418600000000
1302,0.413900000000
1304,0.411100000000
1306,0.413600000000
1308,0.412300000000
1310,0.410600000000
1312,0.403300000000
1314,0.402200000000
1316,0.397900000000
1318,0.401700000000
1320,0.401600000000
1322,0.398600000000
1324,0.398100000000
1326,0.394900000000
1328,0.390800000000
1330,0.387800000000
1332,0.386300000000
1334,0.389200000000
1336,0.386600000000
1338,0.383200000000
1340,0.379000000000
1342,0.380500000000
1344,0.379800000000
1346,0.377200000000
1348,0.376600000000
1350,0.372400000000
1352,0.374200000000
1354,0.372200000000
1356,0.367500000000
1358,0.368800000000
1360,0.367300000000
1362,0.367700000000
1364,0.365700000000
1366,0.365700000000
1368,0.362800000000
1370,0.359900000000
1372,0.362100000000
1374,0.361100000000
1376,0.356100000000
1378,0.358000000000
1380,0.357900000000
1382,0.354500000000
1384,0.354700000000
1386,0.353200000000
1388,0.353000000000
1390,0.350600000000
1392,0.351300000000
1394,0.348800000000
1396,0.348700000000
1398,0.349200000000
1400,0.342700000000
1402,0.343900000000
1404,0.342800000000
1406,0.343100000000
1408,0.342700000000
1410,0.341800000000
1412,0.334800000000
1414,0.337700000000
1416,0.338500000000
1418,0.338600000000
1420,0.335700000000
1422,0.331500000000
1424,0.331100000000
1426,0.328100000000
1428,0.328500000000
1430,0.325700000000
1432,0.330000000000
1434,0.328400000000
1436,0.328500000000
1438,0.328300000000
1440,0.318800000000
1442,0.318600000000
1444,0.319700000000
1446,0.321600000000
1448,0.321600000000
1450,0.318700000000
1452,0.315400000000
1454,0.314300000000
1456,0.313100000000
1458,0.316700000000
1460,0.315600000000
1462,0.312100000000
1464,0.310500000000
1466,0.310800000000
1468,0.311400000000
1470,0.310200000000
1472,0.307300000000
1474,0.303400000000
1476,0.304800000000
1478,0.304400000000
1480,0.306800000000
1482,0.304400000000
1484,0.303900000000
1486,0.303300000000
1488,0.285500000000
1490,0.301500000000
1492,0.301800000000
1494,0.303300000000
1496,0.297200000000
1498,0.299400000000
1500,0.301100000000
1502,0.292400000000
1504,0.279900000000
1506,0.284800000000
1508,0.291900000000
1510,0.294700000000
1512,0.291300000000
1514,0.288300000000
1516,0.288200000000
1518,0.288400000000
1520,0.286600000000
1522,0.282400000000
1524,0.283500000000
1526,0.284600000000
1528,0.284600000000
1530,0.276500000000
1532,0.282300000000
1534,0.278400000000
1536,0.280600000000
1538,0.277300000000
1540,0.273000000000
1542,0.275300000000
1544,0.277800000000
1546,0.277200000000
1548,0.271100000000
1550,0.271300000000
1552,0.273100000000
1554,0.267600000000
1556,0.267100000000
1558,0.268900000000
1560,0.268300000000
1562,0.269700000000
1564,0.266900000000
1566,0.265400000000
1568,0.263300000000
1570,0.264500000000
1572,0.267300000000
1574,0.261000000000
1576,0.253600000000
1578,0.254700000000
1580,0.265000000000
1582,0.259000000000
1584,0.259100000000
1586,0.259900000000
1588,0.249000000000
1590,0.240500000000
1592,0.252600000000
1594,0.258300000000
1596,0.250600000000
1598,0.254500000000
1600,0.251200000000
1602,0.248900000000
1604,0.249700000000
1606,0.247700000000
1608,0.249100000000
1610,0.240000000000
1612,0.243000000000
1614,0.244900000000
1616,0.237400000000
1618,0.242300000000
1620,0.236900000000
1622,0.238300000000
1624,0.241600000000
1626,0.240200000000
1628,0.241800000000
1630,0.239300000000
1632,0.238700000000
1634,0.235900000000
1636,0.235700000000
1638,0.227400000000
1640,0.226200000000
1642,0.226600000000
1644,0.227800000000
1646,0.229400000000
1648,0.229200000000
1650,0.227200000000
1652,0.226800000000
1654,0.226200000000
1656,0.226000000000
1658,0.225200000000
1660,0.224500000000
1662,0.224600000000
1664,0.222700000000
1666,0.221200000000
1668,0.219300000000
1670,0.222500000000
1672,0.217300000000
1674,0.219300000000
1676,0.216100000000
1678,0.216800000000
1680,0.208000000000
1682,0.205400000000
1684,0.212900000000
1686,0.213100000000
1688,0.212000000000
1690,0.210500000000
1692,0.212300000000
1694,0.211200000000
1696,0.210000000000
1698,0.208900000000
1700,0.206300000000
1702,0.204700000000
1704,0.205200000000
1706,0.205000000000
1708,0.201700000000
1710,0.201300000000
1712,0.198200000000
1714,0.203700000000
1716,0.202200000000
1718,0.201000000000
1720,0.199300000000
1722,0.197500000000
1724,0.195400000000
1726,0.198200000000
1728,0.197100000000
1730,0.198400000000
1732,0.193600000000
1734,0.187400000000
1736,0.182700000000
1738,0.186300000000
1740,0.190500000000
1742,0.190200000000
1744,0.190700000000
1746,0.186700000000
1748,0.187200000000
1750,0.185800000000
1752,0.185000000000
1754,0.185600000000
1756,0.184900000000
1758,0.184300000000
1760,0.183100000000
1762,0.179300000000
1764,0.180700000000
1766,0.181700000000
1768,0.180200000000
1770,0.179100000000
1772,0.179400000000
1774,0.179200000000
1776,0.176300000000
1778,0.174700000000
1780,0.175600000000
1782,0.174700000000
1784,0.173500000000
1786,0.173900000000
1788,0.174700000000
1790,0.173300000000
1792,0.172100000000
1794,0.170900000000
1796,0.170600000000
1798,0.170300000000
1800,0.169900000000
1802,0.167200000000
1804,0.168800000000
1806,0.168800000000
1808,0.168500000000
1810,0.168600000000
1812,0.167500000000
1814,0.165800000000
1816,0.160500000000
1818,0.152000000000
1820,0.159600000000
1822,0.159800000000
1824,0.162400000000
1826,0.162800000000
1828,0.161100000000
1830,0.160600000000
1832,0.159300000000
1834,0.158500000000
1836,0.158100000000
1838,0.156200000000
1840,0.156200000000
1842,0.154000000000
1844,0.154100000000
1846,0.153500000000
1848,0.151000000000
1850,0.154600000000
1852,0.153400000000
1854,0.152500000000
1856,0.150900000000
1858,0.152500000000
1860,0.150300000000
1862,0.150400000000
1864,0.150900000000
1866,0.149400000000
1868,0.149200000000
1870,0.150800000000
1872,0.147300000000
1874,0.140100000000
1876,0.129900000000
1878,0.144100000000
1880,0.146200000000
1882,0.147400000000
1884,0.146400000000
1886,0.143900000000
1888,0.145300000000
1890,0.142400000000
1892,0.140800000000
1894,0.139600000000
1896,0.137300000000
1898,0.139000000000
1900,0.139700000000
1902,0.140900000000
1904,0.138600000000
1906,0.139000000000
1908,0.137700000000
1910,0.137800000000
1912,0.135400000000
1914,0.137000000000
1916,0.136000000000
1918,0.135300000000
1920,0.133300000000
1922,0.135000000000
1924,0.134100000000
1926,0.134400000000
1928,0.132200000000
1930,0.131300000000
1932,0.130800000000
1934,0.132000000000
1936,0.132800000000
1938,0.132100000000
1940,0.129900000000
1942,0.129400000000
1944,0.120300000000
1946,0.119200000000
1948,0.127100000000
1950,0.126100000000
1952,0.125500000000
1954,0.128600000000
1956,0.127600000000
1958,0.127100000000
1960,0.126100000000
1962,0.124000000000
1964,0.122200000000
1966,0.123100000000
1968,0.124000000000
1970,0.123900000000
1972,0.121300000000
1974,0.120800000000
1976,0.122400000000
1978,0.119400000000
1980,0.119600000000
1982,0.120500000000
1984,0.119700000000
1986,0.117800000000
1988,0.119500000000
1990,0.119800000000
1992,0.118000000000
1994,0.116200000000
1996,0.117300000000
1998,0.115900000000
2000,0.117000000000
2002,0.116100000000
2004,0.114800000000
2006,0.114700000000
2008,0.115400000000
2010,0.114900000000
2012,0.114500000000
2014,0.113800000000
2016,0.113700000000
2018,0.113400000000
2020,0.111600000000
2022,0.110700000000
2024,0.111600000000
2026,0.111500000000
2028,0.110700000000
2030,0.108600000000
2032,0.109800000000
2034,0.109200000000
2036,0.108300000000
2038,0.106400000000
2040,0.107800000000
2042,0.107600000000
2044,0.107600000000
2046,0.107100000000
2048,0.106300000000
2050,0.105900000000
2052,0.104700000000
2054,0.104600000000
2056,0.104600000000
2058,0.104000000000
2060,0.102800000000
2062,0.102300000000
2064,0.100500000000
2066,0.102500000000
2068,0.101900000000
2070,0.100300000000
2072,0.100400000000
2074,0.100900000000
2076,0.100600000000
2078,0.100000000000
2080,0.098780000000
2082,0.098640000000
2084,0.097720000000
2086,0.098520000000
2088,0.098350000000
2090,0.097880000000
2092,0.095670000000
2094,0.095930000000
2096,0.095800000000
2098,0.096200000000
2100,0.096060000000
2102,0.095770000000
2104,0.095590000000
2106,0.095740000000
2108,0.095130000000
2110,0.093960000000
2112,0.094520000000
2114,0.094360000000
2116,0.093310000000
2118,0.093110000000
2120,0.092750000000
2122,0.092750000000
2124,0.091890000000
2126,0.092080000000
2128,0.092250000000
2130,0.092090000000
2132,0.092100000000
2134,0.091550000000
2136,0.090120000000
2138,0.091100000000
2140,0.090830000000
2142,0.090640000000
2144,0.090060000000
2146,0.089390000000
2148,0.089790000000
2150,0.089570000000
2152,0.089130000000
2154,0.088780000000
2156,0.088740000000
2158,0.088420000000
2160,0.087810000000
2162,0.086860000000
2164,0.084560000000
2166,0.078490000000
2168,0.083000000000
2170,0.085570000000
2172,0.085910000000
2174,0.085920000000
2176,0.085320000000
2178,0.084250000000
2180,0.084970000000
2182,0.084250000000
2184,0.084570000000
2186,0.084650000000
2188,0.082770000000
2190,0.083040000000
2192,0.083770000000
2194,0.083490000000
2196,0.083180000000
2198,0.082990000000
2200,0.082650000000
2202,0.082300000000
2204,0.082110000000
2206,0.079660000000
2208,0.079660000000
2210,0.080800000000
2212,0.081050000000
2214,0.080720000000
2216,0.079940000000
2218,0.079700000000
2220,0.079970000000
2222,0.079620000000
2224,0.079260000000
2226,0.078110000000
2228,0.078260000000
2230,0.078310000000
2232,0.078150000000
2234,0.078020000000
2236,0.077580000000
2238,0.076480000000
2240,0.076390000000
2242,0.076420000000
2244,0.076240000000
2246,0.076120000000
2248,0.075200000000
2250,0.075410000000
2252,0.075120000000
2254,0.074020000000
2256,0.074220000000
2258,0.074410000000
2260,0.074210000000
2262,0.072990000000
2264,0.073290000000
2266,0.073150000000
2268,0.073270000000
2270,0.072970000000
2272,0.072770000000
2274,0.072520000000
2276,0.072390000000
2278,0.072420000000
2280,0.071650000000
2282,0.070070000000
2284,0.071250000000
2286,0.071240000000
2288,0.071270000000
2290,0.071100000000
2292,0.070670000000
2294,0.069200000000
2296,0.069080000000
2298,0.069190000000
2300,0.069530000000
2302,0.069550000000
2304,0.069310000000
2306,0.069230000000
2308,0.069010000000
2310,0.068700000000
2312,0.068670000000
2314,0.068260000000
2316,0.067790000000
2318,0.067450000000
2320,0.067680000000
2322,0.066750000000
2324,0.065360000000
2326,0.065590000000
2328,0.066290000000
2330,0.066160000000
2332,0.065840000000
2334,0.065710000000
2336,0.065360000000
2338,0.064960000000
2340,0.065200000000
2342,0.065390000000
2344,0.065090000000
2346,0.064860000000
2348,0.064720000000
2350,0.064530000000
2352,0.062890000000
2354,0.062390000000
2356,0.062820000000
2358,0.062660000000
2360,0.063080000000
2362,0.063050000000
2364,0.062950000000
2366,0.062840000000
2368,0.062630000000
2370,0.062110000000
2372,0.062070000000
2374,0.060660000000
2376,0.061640000000
2378,0.061920000000
2380,0.061720000000
2382,0.060980000000
2384,0.058850000000
2386,0.059080000000
2388,0.060040000000
2390,0.060290000000
2392,0.060080000000
2394,0.060030000000
2396,0.059960000000
2398,0.059890000000
2400,0.059440000000
2402,0.059650000000
2404,0.059450000000
2406,0.059190000000
2408,0.059150000000
2410,0.059020000000
2412,0.058940000000
2414,0.057340000000
2416,0.055990000000
2418,0.057480000000
2420,0.057700000000
2422,0.057670000000
2424,0.057260000000
2426,0.057170000000
2428,0.057120000000
2430,0.057120000000
2432,0.057020000000
2434,0.056410000000
2436,0.056180000000
2438,0.055990000000
2440,0.056390000000
2442,0.056170000000
2444,0.056030000000
2446,0.054980000000
2448,0.054570000000
2450,0.054620000000
2452,0.054320000000
2454,0.054550000000
2456,0.053700000000
2458,0.053920000000
2460,0.054570000000
2462,0.054420000000
2464,0.054350000000
2466,0.054050000000
2468,0.053900000000
2470,0.052850000000
2472,0.053300000000
2474,0.053130000000
2476,0.053430000000
2478,0.053030000000
2480,0.051770000000
2482,0.051400000000
2484,0.052190000000
2486,0.051600000000
2488,0.051690000000
2490,0.052250000000
2492,0.051980000000
2494,0.051750000000
2496,0.051520000000
2498,0.051540000000
2500,0.051550000000
2520,0.049840000000
2540,0.048140000000
2560,0.046720000000
2580,0.045500000000
2600,0.044570000000
2620,0.043050000000
2640,0.042110000000
2660,0.040790000000
2680,0.039680000000
2700,0.038670000000
2720,0.037630000000
2740,0.036630000000
2760,0.035460000000
2780,0.034680000000
2800,0.033850000000
2820,0.032970000000
2840,0.032090000000
2860,0.031190000000
2880,0.030320000000
2900,0.029690000000
2920,0.028900000000
2940,0.028170000000
2960,0.027500000000
2980,0.026820000000
3000,0.026120000000
3020,0.025470000000
3040,0.024650000000
3060,0.024220000000
3080,0.023640000000
3100,0.023060000000
3120,0.022460000000
3140,0.021980000000
3160,0.021440000000
3180,0.020960000000
3200,0.020480000000
3220,0.020000000000
3240,0.019510000000
3260,0.019070000000
3280,0.018580000000
3300,0.018020000000
3320,0.017680000000
3340,0.017370000000
3360,0.016970000000
3380,0.016590000000
3400,0.016150000000
3420,0.015840000000
3440,0.015540000000
3460,0.015200000000
3480,0.014860000000
3500,0.014560000000
3520,0.014250000000
3540,0.013930000000
3560,0.013620000000
3580,0.013340000000
3600,0.013070000000
3620,0.012810000000
3640,0.012510000000
3660,0.012220000000
3680,0.011930000000
3700,0.011620000000
3720,0.011450000000
3740,0.011080000000
3760,0.010960000000
3780,0.010780000000
3800,0.010570000000
3820,0.010380000000
3840,0.010190000000
3860,0.009983000000
3880,0.009782000000
3900,0.009599000000
3920,0.009427000000
3940,0.009233000000
3960,0.009032000000
3980,0.008857000000
4000,0.008669000000
4020,0.008557000000
4040,0.008385000000
4060,0.008217000000
4080,0.008054000000
4100,0.007894000000
4120,0.007739000000
4140,0.007587000000
4160,0.007439000000
4180,0.007294000000
4200,0.007153000000
4220,0.007015000000
4240,0.006881000000
4260,0.006749000000
4280,0.006621000000
4300,0.006496000000
4320,0.006374000000
4340,0.006254000000
4360,0.006138000000
4380,0.006024000000
4400,0.005913000000
4420,0.005804000000
4440,0.005698000000
4460,0.005594000000
4480,0.005492000000
4500,0.005393000000
4520,0.005296000000
4540,0.005201000000
4560,0.005108000000
4580,0.005018000000
4600,0.004929000000
4620,0.004842000000
4640,0.004757000000
4660,0.004674000000
4680,0.004593000000
4700,0.004514000000
4720,0.004436000000
4740,0.004360000000
4760,0.004285000000
4780,0.004212000000
4800,0.004141000000
4820,0.004071000000
4840,0.004003000000
4860,0.003936000000
4880,0.003870000000
4900,0.003806000000
4920,0.003743000000
4940,0.003681000000
4960,0.003621000000
4980,0.003562000000
5000,0.003504000000
5050,0.003394000000
5100,0.003267000000
5150,0.003146000000
5200,0.003030000000
5250,0.002920000000
5300,0.002815000000
5350,0.002715000000
5400,0.002619000000
5450,0.002527000000
5500,0.002439000000
5550,0.002355000000
5600,0.002275000000
5650,0.002198000000
5700,0.002124000000
5750,0.002054000000
5800,0.001986000000
5850,0.001921000000
5900,0.001859000000
5950,0.001799000000
6000,0.001742000000
6050,0.001687000000
6100,0.001634000000
6150,0.001583000000
6200,0.001534000000
6250,0.001487000000
6300,0.001442000000
6350,0.001399000000
6400,0.001357000000
6450,0.001317000000
6500,0.001278000000
6550,0.001240000000
6600,0.001204000000
6650,0.001170000000
6700,0.001136000000
6750,0.001104000000
6800,0.001073000000
6850,0.001043000000
6900,0.001014000000
6950,0.000986200000
7000,0.000959200000
7050,0.000933100000
7100,0.000908000000
7150,0.000883600000
7200,0.000860100000
7250,0.000837400000
7300,0.000815400000
7350,0.000794200000
7400,0.000773600000
7450,0.000753700000
7500,0.000734400000
7550,0.000715800000
7600,0.000697700000
7650,0.000680200000
7700,0.000663300000
7750,0.000646900000
7800,0.000631000000
7850,0.000615600000
7900,0.000600600000
7950,0.000586200000
8000,0.000572100000
8050,0.000558500000
8100,0.000545300000
8150,0.000532400000
8200,0.000520000000
8250,0.000507900000
8300,0.000496100000
8350,0.000484700000
8400,0.000473700000
8450,0.000462900000
8500,0.000452500000
8550,0.000442300000
8600,0.000432400000
8650,0.000422800000
8700,0.000413500000
8750,0.000404400000
8800,0.000395600000
8850,0.000387000000
8900,0.000378700000
8950,0.000370600000
9000,0.000362700000
9050,0.000355000000
9100,0.000347500000
9150,0.000340200000
9200,0.000333100000
9250,0.000326200000
9300,0.000319500000
9350,0.000312900000
9400,0.000306500000
9450,0.000300300000
9500,0.000294200000
9550,0.000288300000
9600,0.000282500000
9650,0.000276900000
9700,0.000271400000
9750,0.000266100000
9800,0.000260800000
9850,0.000255800000
9900,0.000250800000
9950,0.000246000000
10000,0.000241200000
11000,0.000163500000
12000,0.000115200000
13000,0.000083400000
14000,0.000061900000
15000,0.000046900000
16000,0.000036100000
17000,0.000028300000
18000,0.000022500000
19000,0.000018100000
20000,0.000014700000
25000,0.000006050000
30000,0.000002930000
35000,0.000001580000
40000,0.000000931000
50000,0.000000383000
60000,0.000000185000
80000,0.000000058800
100000,0.000000024200
120000,0.000000011700
150000,0.000000004810
200000,0.000000001530
250000,0.000000000628
300000,0.000000000295
400000,0.000000000101
1000000,0.000000000003